PROLIFIC_ID,Trust Tags - Consensus,Valence consensus
563e5abecbd4c60005dc9153,,Negative
612e75305c548dd77bca9d73,,Positive
5ba2877a7590cc0001b50d0f,,Neutral
64029de99a8a72fc5a205b7e,,Neutral
63e54336ed7afb1425f7888f,,Neutral
60fb66677fec313644c22612,,Neutral
630345dd92f26599c777a5fc,,
5f5a0f0a612008057e58d281,,Neutral
5f9e612e5e10814115cc780d,,Neutral
63d87654c14b742db0fba872,,Negative
562563ceed6e5a000bc7f386,,
62b755ac8d4ceeb1a463c05a,,Neutral
5fb9de27e62120924c5b2176,,Positive
614f297f566989948fc108ad,,Neutral
62951acd624dba0f4429d988,,Neutral
5ec9fc1650b79c158be48421,,Neutral
5d649652adc4e8001a2d258d,,Neutral
5fc4c48946722649740111be,,Neutral
5eebe4e6e61002183aec9b70,,Neutral
5f8486766d8e7b0f17df0206,,Neutral
6070defd464139156ac85ac3,,Positive
63d15bdba3ed809e5df7bd5b,,Neutral
580e8bdbf25c44000167943b,Cognitive Trust,Positive
5cb7d17ddd3aff0017d13821,Cognitive Trust,Positive
5e8d44819163b611f62d706c,Cognitive Trust,Neutral
61363ce02e6022a741d63a6e,"Cognitive Trust,Individual Characteristics",Neutral
5ec4a0fffe991f37f61b356e,Cognitive Trust - Data,Positive
62ed458d61ebd1930833e95a,Cognitive Trust - Vis,Positive
5d5464629b7c4e000188782d,"Cognitive Trust - Vis,Aff: data-cues",Neutral
6362ed6cd9d25c2306e67e41,Cog: data-accuracy,Positive
559c192bfdf99b218a61f57f,Cog: data-accuracy,Positive
574ce0a57fd0ec000db73aa6,Cog: data-accuracy,Positive
5e455faf462e0802d9d9c3e2,Cog: data-accuracy,Positive
5fdeb821bbdf7f6a1815d08f,Cog: data-accuracy,Negative
63c6e885e6834fbb0d9c0ebf,Cog: data-accuracy,Neutral
5c2ab2de9136140001b90737,Cog: data-accuracy,Positive
6365a371d807016cebfdb16c,Cog: data-accuracy,Neutral
60e4c09a4b30f16f5a1053e7,Cog: data-accuracy,Negative
5d1bf643f18c6c00187def44,Cog: data-accuracy,Positive
5e5ae01d75f13d2efe7db45e,Cog: data-accuracy,Positive
5dd9e1e0a4aa2696d9a15c0d,Cog: data-accuracy,Positive
58e558cc728bea0001bbda24,Cog: data-accuracy,Negative
62e47e029b91347575df3047,Cog: data-accuracy,Positive
62d38f10654f3fc8a393b551,Cog: data-accuracy,Positive
5cbe00898f939c0017c0b9d8,Cog: data-accuracy,Positive
62fcf3d9948e4a6a9623cce8,Cog: data-accuracy,Positive
639e0331bc3cc615f5a3dd89,Cog: data-accuracy,Positive
5f4a187b40b01f589fe766eb,Cog: data-accuracy,Positive
6171da4573cf08b98b35ed1a,Cog: data-accuracy,Neutral
6394e83b4be197877056c3bd,Cog: data-accuracy,Negative
60d2cf988de167c9da56eeb0,Cog: data-accuracy,Positive
5e373f33a42bce6daa55ea65,Cog: data-accuracy,Positive
5d73c234dec761000138c0f0,Cog: data-accuracy,Positive
5ea72b8aedd4c90da065607c,Cog: data-accuracy,Positive
6234dbba467fabd56fa59e1a,Cog: data-accuracy,Positive
640cd020656929eeb856a443,Cog: data-accuracy,Negative
62db76a315d362749f584469,Cog: data-accuracy,Positive
62e1ede63f23cc2eb6170242,Cog: data-accuracy,Positive
5d62239454f7a50001c70f03,Cog: data-accuracy,Positive
611d2be161ceef6c9d25af13,Cog: data-accuracy,Neutral
5f92002ccc33eb0ff3d749c5,Cog: data-accuracy,Positive
60faefcf667e07570bed9dcb,Cog: data-accuracy,Positive
5664626351fac700118ed1df,Cog: data-accuracy,Positive
55899b8dfdf99b7ae47f5fa4,Cog: data-accuracy,Neutral
62a9513ae9305607fd5af01a,Cog: data-accuracy,Positive
5f87cb31bea4ed20a90d8168,Cog: data-accuracy,Positive
62bddb63d7c84ff6e9c592f5,Cog: data-accuracy,Positive
5aa83a71f6dfdd0001eb1690,Cog: data-accuracy,Positive
6272ae90bcc3709d723d1d2b,Cog: data-accuracy,Negative
58d876b14240e50001190090,Cog: data-accuracy,Negative
6164674aee2f6131757520fe,Cog: data-accuracy,Positive
5e72e0d8adc903240ac70891,Cog: data-accuracy,Positive
5b745fb794c93d00010fc4c6,Cog: data-accuracy,Neutral
6282abf0be2e9e2a65af807e,Cog: data-accuracy,Positive
5dcccec0092079953154f997,Cog: data-accuracy,Neutral
5adb40e0f6b58c0001fa33d3,Cog: data-accuracy,Positive
63039dbefda87c47a91fec04,Cog: data-accuracy,Neutral
5e7e89cc4fd114104a39fb88,Cog: data-accuracy,Negative
60c2cc653d0c6208fc8899fc,Cog: data-accuracy,Positive
60f592f40e80188d5bc991e8,Cog: data-accuracy,Positive
5ddcd77f23f9f1c2c45d6c18,Cog: data-accuracy,Positive
6109d5b1a9daba0fb4e833b9,Cog: data-accuracy,Neutral
62dea723c6db0370fd6c8229,Cog: data-accuracy,Negative
5971640e7ec240000170cb69,Cog: data-accuracy,Neutral
60fe14fa6b07c0db08b74436,Cog: data-accuracy,Neutral
55132578fdf99b1b0568bdb8,Cog: data-accuracy,Positive
61645d805d7b358ed3e052a6,Cog: data-accuracy,Positive
5e11882114ae638303c715d9,Cog: data-accuracy,Positive
6335f7d7dad0ae03e9a2509a,Cog: data-accuracy,Positive
5ee6f91291a7f3467cd37704,Cog: data-accuracy,Positive
5e8787bf14e2970c36c20705,Cog: data-accuracy,Positive
6103217486fd393d9efbba25,Cog: data-accuracy,Positive
54849ec4fdf99b0379939d1d,Cog: data-accuracy,Positive
5c68c8726e9608000140f828,Cog: data-accuracy,Positive
63d8915c1adeaab48c7f2029,Cog: data-accuracy,Positive
628ecc32276d54517f4c004d,Cog: data-accuracy,Neutral
5d4252914733ca0018ff29d7,Cog: data-accuracy,Positive
60fd933d5461857048f9e74c,"Cog: data-accuracy,Cog: data-clarity",Neutral
55a75835fdf99b26395fae40,"Cog: data-coverage,Cog: data-accuracy",Positive
60f1bdd684969df9641e994b,"Cog: data-coverage,Cog: data-accuracy",Neutral
6101f78a3f9b44e8c17e8593,"Cog: data-accuracy,Cog: data-coverage,Cog: vis-transparency",Positive
5ea45eb9abef8a07bcced2bc,"Cog: data-accuracy,Cog: vis-transparency",Positive
5d6513f46f5284000118ef1d,"Cog: vis-clarity,Cog: data-accuracy",Positive
5ae3a41d32ef52000131a531,"Cog: data-accuracy,Cog: vis-clarity",Positive
5d49a0b751695e0001a188a8,"Cog: vis-clarity,Cog: data-accuracy",Positive
565b2be310593c000bff9695,"Cog: data-accuracy,Cog: vis-clarity",Positive
614fe09fec9ce4a2a415476d,"Cog: data-accuracy,Cog: vis-clarity",Positive
6100a94845f823a05d74deb3,"Cog: vis-clarity,Cog: data-accuracy",Positive
5bee108b6f2d54000198e0c6,"Cog: data-accuracy,Cog: vis-clarity",Neutral
5c5f8a910edbd90001e1feda,"Cog: vis-clarity,Cog: data-accuracy",Positive
5d10102523f6320017c63e07,"Cog: vis-clarity,Cog: data-accuracy",Positive
64033349ec5c1a27ee79d14b,"Cog: vis-clarity,Cog: data-accuracy",Positive
5f8b066742a6381ddae03d75,"Cog: vis-clarity,Cog: data-accuracy,Cog: vis-usability",Positive
62a76dfc808c176cecd72dfa,"Cog: vis-usability,Cog: data-accuracy",Positive
6016dca5fdf98587f9a0ca71,"Affective Trust - Vis,Cog: data-accuracy",Positive
63345f710321e08d1720919e,"Aff: data-cues,Cog: data-accuracy",Positive
6170afe6e3197de7542fd205,"Cog: data-accuracy,Aff: data-cues",Negative
5d60b5beea1c1c0001c98bf6,"Aff: data-cues,Cog: data-accuracy",Neutral
5c11f3face422b0001d69416,"Aff: data-cues,Cog: data-accuracy",Positive
63e548215b42b3f3aa069dc2,"Aff: data-cues,Cog: data-accuracy",Positive
5f490d10022f3f2e8f33cc9a,"Aff: data-cues,Cog: data-accuracy",Positive
5e16c978783225c8108ef055,"Cog: data-accuracy,Aff: data-cues",Positive
57a12661913c7100019767b7,"Aff: data-cues,Cog: data-accuracy",Positive
60160f7fe4c5e278be505f72,"Aff: data-cues,Cog: data-accuracy",Neutral
614149e12ad52d5ea08555e9,"Cog: data-accuracy,Aff: data-cues",Negative
60fe134bea0a58a6b9d96ee3,"Cog: data-accuracy,Aff: data-benevolence",Positive
5fb54678abd965015f4ae7b7,"Cog: data-accuracy,Aff: data-benevolence",Positive
5eecf1789af5910cfeb71b53,"Aff: vis-cues,Cog: data-accuracy",Positive
60838e2e91a6300001f9ac89,"Aff: vis-cues,Cog: data-accuracy",Positive
63d475b3b7f363ed16c745b0,"Aff: vis-cues,Cog: data-accuracy",Positive
61156cab775e1f9e2c3a4bfa,"Cog: data-accuracy,Aff: vis-cues",Positive
61366a0250ad37452b08b9a3,"Cog: data-accuracy,Aff: vis-cues",Positive
63e1dbd6e3b024508cfb12e9,"Aff: vis-benevolence,Cog: data-accuracy",Negative
5c55b95b91c0ad0001cf86ab,"Cog: data-accuracy,Aff: vis-benevolence",Positive
62ffe399d769a8e595609133,"Cog: data-accuracy,Prior Beliefs",Positive
63480f3ff2ebda4f9403cc01,"Cog: data-accuracy,Prior Beliefs",Negative
63356ce6be65e7962bfc424d,"Cog: data-accuracy,Prior Beliefs",Negative
5a6b35d3d5d4cb0001d643d8,"Cog: data-accuracy,Prior Beliefs",Negative
60f66877a0a732b6dbe3485d,"Cog: data-accuracy,matches expectations",Positive
5e589bf82e08c90a78a29bbe,"Cog: data-accuracy,matches expectations",Positive
631685f7d6d6fcb196e87f0a,Cog: data-clarity,Positive
5f32f61bbff4620bf0794044,Cog: data-clarity,Positive
5ed5afc6e8229914710ada06,Cog: data-clarity,Positive
601e13b872774f263d64acac,Cog: data-clarity,Neutral
5adf6ea7f6b58c0001fa8404,Cog: data-clarity,Negative
5ed7b5af65b9ae09f16de102,"Cog: vis-clarity,Cog: data-clarity",Positive
5e404a68f09a9f28310e8701,"Cog: vis-clarity,Cog: data-clarity",Positive
5a49d6a06d85f80001c25bc4,"Cog: data-clarity,Cog: vis-clarity",Negative
63e081512a825f68bcfdc757,"Cog: data-clarity,Cog: vis-clarity",Positive
6159fe7811a7e1b94401c33f,"Cog: data-clarity,Cog: vis-clarity,Aff: vis-cues",Positive
5c7e14531c3cf8001638b5b0,"Aff: vis-cues,Cog: data-clarity",Neutral
5610c4ea7ffc8a0005811504,Cog: data-coverage,Neutral
638a6928a6b4801e5b229ebc,Cog: data-coverage,Positive
632fa9e40fa5b8393ed87659,Cog: data-coverage,Negative
616f315b5e74ca5b9a1d2ca7,Cog: data-coverage,Neutral
603f31444049ae098abb8bf7,"Cog: data-coverage,Cog: vis-transparency",Neutral
5589a309fdf99b7ae5007c33,"Aff: vis-cues,Cog: data-coverage,Cog: vis-clarity",Positive
5bd7971b0aac450001f951aa,"Cog: data-coverage,Aff: data-cues",Positive
5aef97b09516fe00010959f4,"Aff: data-cues,Cog: data-coverage",Positive
5a91877e777df200015fa0f5,"Cog: data-coverage,Aff: data-cues",Negative
60fc54b735f3211d0d10a371,"Aff: data-cues,Cog: data-coverage",Negative
60eea778df60b9a7d88b7ade,"Cog: data-coverage,Aff: data-benevolence",Neutral
5ce9bfc4d439ae00015968dd,"Aff: vis-cues,Cog: data-coverage",Positive
6081adb85a8992a84093ed21,Cog: vis-transparency,Positive
5f2016b023978b04f9679bec,Cog: vis-transparency,Positive
5d6807f9778de5001a120d9a,Cog: vis-transparency,Positive
62fee4976ce0883ebbc86e20,Cog: vis-transparency,Positive
578bcb2c09fb91000133750e,Cog: vis-transparency,Positive
5d4ac837d2844e0001ecf699,"Cog: vis-clarity,Cog: vis-transparency",Positive
5fb2041681fe9376804e1249,"Aff: data-cues,Cog: vis-transparency",Positive
5e6040ebbccd41000ad90a4e,"Cog: vis-transparency,Aff: data-cues",Negative
6398db762e009c7af9e1da88,Cog: vis-clarity,Positive
57bf14513c449a000189c89a,Cog: vis-clarity,Positive
61128c2c056a6993a3868078,Cog: vis-clarity,Positive
590fbd5b4e83da0001b6fbbc,Cog: vis-clarity,Negative
63804d105c37525d499b9c6c,Cog: vis-clarity,Positive
63d3f95e93b636344cf403d9,Cog: vis-clarity,Positive
5d62886927a84f00010fbbb4,Cog: vis-clarity,Negative
5e92a98518ca6c5e48437217,Cog: vis-clarity,Negative
5e9b5d5193295f05c902b8d2,Cog: vis-clarity,Positive
5eb83f00de449a08d23547dd,Cog: vis-clarity,Positive
59f21fe8cc514a00011a66cf,Cog: vis-clarity,Positive
59c3289b8e6ea10001f7b926,Cog: vis-clarity,Positive
62896076149e8f156545884c,Cog: vis-clarity,Positive
640bc58e374e2b687c756344,Cog: vis-clarity,Positive
622a4d6cf143081ed1887ee5,Cog: vis-clarity,Negative
638fdf87700dd1228bade2e1,Cog: vis-clarity,Positive
5dec18ea1aaabf30d92ad722,Cog: vis-clarity,Negative
60b9af795939f976cb74232a,Cog: vis-clarity,Positive
598ba20f716a2c000187ce01,Cog: vis-clarity,Positive
62a0b34cbcc5987a8fa73c39,Cog: vis-clarity,Negative
62ff26509176c97c9ceebc2b,Cog: vis-clarity,Negative
5c935d881754ba001b25697a,Cog: vis-clarity,Neutral
5ec195df3f2aec276ff0bf33,Cog: vis-clarity,Negative
6266b4ea9408fc167507d923,Cog: vis-clarity,Positive
628a4816764d2f993ee7493d,Cog: vis-clarity,Negative
5ec3f446aa5afd2881e19363,Cog: vis-clarity,Negative
62d39a47594b3446ba0c1585,Cog: vis-clarity,Negative
5c634094e30ff200016baccb,Cog: vis-clarity,Positive
5f048fdc0aea5b0ae3215fc9,Cog: vis-clarity,Positive
6109799a92fb44f6c1a86e38,Cog: vis-clarity,Positive
5bfc4058bab673000163c8af,Cog: vis-clarity,Positive
5b233660648d5b0001b7de87,Cog: vis-clarity,Positive
61006b0f1f3bfddb6b4c5d55,Cog: vis-clarity,Positive
61706d258625bf685b7d6902,Cog: vis-clarity,Positive
62e6c5d05d354e1f99d612e4,Cog: vis-clarity,Negative
5cec2163d439ae0016596611,Cog: vis-clarity,Negative
62e01fdb9adf283ff375724f,Cog: vis-clarity,Positive
5e8681d1fc96dd135df99ee6,Cog: vis-clarity,Positive
587418895c17910001ea4e75,Cog: vis-clarity,Negative
63129dd30887fb3d46640f2b,Cog: vis-clarity,Positive
566c7564d408ea000519c678,Cog: vis-clarity,Negative
5fc6904e5ed32c0778ae12a1,Cog: vis-clarity,Positive
5c7e14531c3cf8001638b5b0,Cog: vis-clarity,Positive
5a2add709408dc00016f57d3,Cog: vis-clarity,Positive
60dc58e913fdfde86caccc77,Cog: vis-clarity,Positive
5e17945242fb0b000da71b21,Cog: vis-clarity,Positive
615a1d9297d4e05d6df9da22,Cog: vis-clarity,Negative
5f0f433274ad8a03f0a4c8f4,Cog: vis-clarity,Positive
636168a962acef1f1f1cc4ce,"Cog: vis-clarity,Cog: vis-usability",Positive
6108bfbf2e07c5612eb90182,"Cog: vis-clarity,Cog: vis-usability",Positive
5ee09c1a0c2ad1027f541f53,"Cog: vis-clarity,Aff: data-cues",Neutral
640e3d1ee18df712eca9ec2d,"Aff: data-cues,Cog: vis-clarity",Positive
5ba292385301b80001c71ba2,"Aff: data-cues,Cog: vis-clarity",Positive
6110c3de4d73c26eb588091f,"Cog: vis-clarity,Aff: data-cues",Positive
5f5ba66db8e6413162a5c703,"Aff: data-cues,Cog: vis-clarity",Positive
63ea72008c84049045b492c7,"Cog: vis-clarity,Aff: data-cues",Positive
570521cfde5095001018a0c8,"Aff: data-cues,Cog: vis-clarity",Positive
638a2f44aadfb032e1116645,"Cog: vis-clarity,Aff: data-cues",Positive
5f8e3f6a1a1f4421715a2879,"Cog: vis-clarity,Aff: data-cues",Positive
63161b57aa5e6c648c58692a,"Aff: data-cues,Cog: vis-clarity",Positive
5e30cffb5a41120d29d33113,"Cog: vis-clarity,Aff: data-cues",Negative
63fb001cebe7de78a66a9bdd,"Cog: vis-clarity,Aff: data-cues",Positive
5ee526f3eca1a22601d187f4,"Aff: data-cues,Cog: vis-clarity",Positive
63c0e405027c09642621327f,"Cog: vis-clarity,Aff: data-benevolence,Aff: data-cues",Positive
62867b51e71606f873d41b05,"Cog: vis-clarity,Aff: data-benevolence",Positive
63fa78f21e485a372c6528fa,"Aff: data-benevolence,Cog: vis-clarity",Positive
5f877e0715f8781a0c7c3ab8,"Aff: data-benevolence,Cog: vis-clarity",Positive
5e1a7114a90da52e206de7ea,"Aff: data-benevolence,Cog: vis-clarity",Positive
5c1e94832c45d40001477352,"Cog: vis-clarity,Aff: data-benevolence",Positive
610925067b0ea968105a1b72,"Cog: vis-clarity,Aff: data-benevolence",Positive
63617635b76b7732fc0f141e,"Cog: vis-clarity,Aff: vis-cues",Positive
616870f3f5785e447dd90a2f,"Aff: vis-cues,Cog: vis-clarity",Positive
63f4eb046bcf1fda92414a71,"Cog: vis-clarity,Aff: vis-cues",Positive
62f70dd38becd2f7f2ce53a8,"Aff: vis-benevolence,Cog: vis-clarity",Positive
6122b5527020257bf5aabc8e,"Cog: vis-clarity,Aff: vis-benevolence",Positive
5e4a1730c94447480594cea4,"Cog: vis-clarity,Aff: vis-benevolence",Positive
5b5e7e643bac1d0001f9bf28,Cog: vis-usability,Negative
5de9ce848b29320fd922c587,Cog: vis-usability,Positive
5fb9b9c1c62f408e51e09e32,Cog: vis-usability,Positive
5cc22481f6ef910019e5120f,Cog: vis-usability,Positive
6229fff149374541c22a95bf,Cog: vis-usability,Positive
6102dc69fe9b452795eb3d72,Cog: vis-usability,Positive
63f77fe7daecacc6523836d1,Cog: vis-usability,Positive
638476f72ab8021be345e3ac,Affective Trust,Negative
63f6ac6d4ce41fa2a87ea79b,Affective Trust,Positive
5d0fbedf101793000168ef7a,Affective Trust,Positive
63d80e0449b458dd5f8140be,Affective Trust,Positive
6101ced6dafdbea2d88a52b0,Affective Trust,Positive
5d4fa7c197082b0001f7f483,Affective Trust - Data,Positive
601736d3f57edd250d376de9,Affective Trust - Vis,Positive
,Affective Trust - Vis,Positive
5fb96b9798cd084465b0bf36,"Affective Trust - Vis,Aff: data-cues",Positive
608c75be6bf5ca1f23ab35ad,Aff: data-cues,Positive
6007a7996fbeef04ce080f90,Aff: data-cues,Positive
5f2f6bd965964e35e20c7445,Aff: data-cues,Positive
5ef035131f1b2a546b44c391,Aff: data-cues,Negative
60e35afc1d7e1aee451eba47,Aff: data-cues,Positive
5eb0bbbc0be27c183500b45d,Aff: data-cues,Positive
5f4f1795c7230316afc2b88a,Aff: data-cues,Positive
5d86d05f9854a60019240621,Aff: data-cues,Positive
5cfb6018bdfd56001820466f,Aff: data-cues,Positive
5fc44494862e3e78b8181623,Aff: data-cues,Negative
62354223d36eda662355a9c0,Aff: data-cues,Positive
5c3a5a61fc2bdf00017714a2,Aff: data-cues,Neutral
63d18313a0fe35f35c2dfb1a,Aff: data-cues,Negative
5dd59e901986eb55f1e2cb22,Aff: data-cues,Positive
5fb0a3d6a8e4224b973e750b,Aff: data-cues,Positive
55bfa58afdf99b339da508c2,Aff: data-cues,Positive
61650ba8e42101c561bf7335,Aff: data-cues,Positive
5658f4787d69570012dfe2d1,Aff: data-cues,Positive
5bde6c564842880001308324,Aff: data-cues,Positive
5bd4e6f7c4f8e900013ae526,Aff: data-cues,Positive
5ddc07391e42a9000b2622be,Aff: data-cues,Positive
63f796a016e377d12cff50f1,Aff: data-cues,Positive
5fee456f8929f014481adff9,Aff: data-cues,Positive
5c5fc0136467ac0001b80940,Aff: data-cues,Positive
5f6fd1451758e95a989623b2,Aff: data-cues,Negative
6332274d72eff2df47171a78,Aff: data-cues,Neutral
5e059d2bb1fb05fd1f841142,Aff: data-cues,Positive
58074104c314770001876e7b,Aff: data-cues,Positive
5dcf34f64fee9907fc626f0f,Aff: data-cues,Positive
5ea47bda5b1a9807ed89eb76,Aff: data-cues,Positive
5bfb5784a66aa500019dabef,Aff: data-cues,Positive
6143e022ec8dfbce17b7e211,Aff: data-cues,Positive
5e3f51334425131b3e43a2a9,Aff: data-cues,Neutral
5caa183a9ac82a001631374e,Aff: data-cues,Negative
63b48736ce3bb3afbc79ff7c,Aff: data-cues,Positive
61509f0576598bbf74387211,Aff: data-cues,Neutral
5b48f2d0ff7497000125165e,Aff: data-cues,Neutral
62ea66128e0806710fb41dcc,Aff: data-cues,Positive
5e3f4c676d06fc1b240e6021,Aff: data-cues,Negative
5efa98dd74af25000cdbbf43,Aff: data-cues,Positive
62eed9e3e4c704bcef237b74,Aff: data-cues,Positive
6400f14b24ac2b910c9f2d93,Aff: data-cues,Positive
63d9455555931a8fa4d7a3d8,Aff: data-cues,Positive
6282a009d98ec3cafb4d8d48,Aff: data-cues,Positive
5cf5134c8f8ff80019e76721,Aff: data-cues,Negative
5f78ce64cb5f144a98a4fa38,Aff: data-cues,Positive
617390ea6b825a0eb8904f29,Aff: data-cues,Positive
5e60460125834138aae85307,Aff: data-cues,Positive
614ead1e38ca4b390b860c23,Aff: data-cues,Positive
60c433a4f78e97b5ef1ce71b,Aff: data-cues,Positive
62b341383dad27265a7a75cb,Aff: data-cues,Positive
57d435c8ca054400014bac35,Aff: data-cues,Positive
63f8dc7bc5e76c51f767134e,Aff: data-cues,Positive
62838cdc775f6094ddf0664b,Aff: data-cues,Negative
5ba345bcf07414000106135e,Aff: data-cues,Positive
5de5dba9ff87c15699804260,Aff: data-cues,Positive
59a88f5b321f870001d16d68,Aff: data-cues,Positive
63d79e5ecdcf4d0dbd646bf6,Aff: data-cues,Positive
5dda0a8b3c870a9824c901f5,Aff: data-cues,Positive
60bd3949b6f6d9c3453e8def,Aff: data-cues,Negative
63d18135c4e44a77f71702e8,Aff: data-cues,Positive
63fb77a17acd544343fb98fb,Aff: data-cues,Positive
5c6c597c42e33400019c72a5,Aff: data-cues,Negative
5865ecf6a7f6480001ed9791,Aff: data-cues,Positive
565c931eba63db00051cd52d,Aff: data-cues,Positive
5a8ac2d8f49c9a0001f3ab34,Aff: data-cues,Neutral
605d0d00436a36ad0d8d6fa5,Aff: data-cues,Positive
6168e3efc08671bd92f7fd37,Aff: data-cues,Positive
61523f5edff0567aa388e752,Aff: data-cues,Negative
5d63179aa3b94d0001da4bb6,Aff: data-cues,Positive
5f7d026c6fd2421d2dc1af04,Aff: data-cues,Neutral
6310dbdfda69599720736665,Aff: data-cues,Neutral
62b1e73c146dfd1d162fdf11,Aff: data-cues,Positive
5dea9fb3cb53ca1cda9f6116,Aff: data-cues,Positive
5bdf513338109a0001f474c8,Aff: data-cues,Positive
60fcd2b146529d02f1566012,Aff: data-cues,Neutral
640e11f99076926cad445e1e,Aff: data-cues,Positive
5d76bf508da7af001b5fa26c,Aff: data-cues,Negative
612fea78b655df755fe7db24,Aff: data-cues,Positive
5bcfb99d77740000016b3dbf,Aff: data-cues,Neutral
5c17294778ee390001ab19e5,Aff: data-cues,Neutral
5d613f02b9233e0018f9450b,Aff: data-cues,Positive
62be632336006d96574e22ef,Aff: data-cues,Positive
5f51667a8dff8f39dba7df7f,Aff: data-cues,Positive
610386b89cf31f6859e7df7c,Aff: data-cues,Positive
612d247d45adec4a638aef83,Aff: data-cues,Neutral
61007138183fbe1c96ac250e,Aff: data-cues,Positive
62728c148af5805feea46dc8,Aff: data-cues,Positive
60fccc2c096c38cc9ad63ff3,Aff: data-cues,Positive
5daa9e16546237001681d0f1,Aff: data-cues,Positive
5e156dbb19232db781789a8f,Aff: data-cues,Positive
565b2be310593c000bff9695,Aff: data-cues,Positive
63181446b17ea16a213403c9,Aff: data-cues,Negative
60fff33b80569cb2f8d1b007,Aff: data-cues,Positive
5f473eafdbc4a2121ceae963,Aff: data-cues,Neutral
640d43c9451ce148162a7643,Aff: data-cues,Neutral
5dd61dcccaee3e5c8b9141cf,Aff: data-cues,Positive
63d8548b51a28912d9fba859,Aff: data-cues,Positive
63ee7c9441abc1335d678cab,Aff: data-cues,Positive
610333282a90d4b77609c5f8,Aff: data-cues,Neutral
5fe3f539dd8cf10e7d545231,Aff: data-cues,Neutral
5ec617a2e79285689c82fb8f,Aff: data-cues,Negative
5f2861ba111b901601482e6f,Aff: data-cues,Positive
6130cdbb53f773b3125576a7,Aff: data-cues,Neutral
5e1f7b2a4c9b832b34e7c9d3,Aff: data-cues,Neutral
63e51bc3169991cfbcd4fe97,Aff: data-cues,Negative
5b894987e79bf50001e1ff95,Aff: data-cues,Positive
5b1a3fa488ee7400012aef74,Aff: data-cues,Positive
610878f08e2b6c83ea3905da,Aff: data-cues,Positive
63e5ffdf639ebdcf35aacb09,Aff: data-cues,Neutral
56fb36ca34a0d3000b1a5701,Aff: data-cues,Positive
5bcc1fce4249b20001bc99f1,Aff: data-cues,Positive
640912d475d8f1047d318723,"Aff: data-cues,Aff: data-benevolence",Positive
6348846ae221cb4a0efbf3f9,"Aff: data-cues,Aff: data-benevolence",Negative
5b6f49b7d60bdd0001ade437,"Aff: data-cues,Aff: data-benevolence",Positive
6139aed4f23d087290d96200,"Aff: data-benevolence,Aff: data-cues",Neutral
5dd405ab80123f3eaae9af80,"Aff: data-benevolence,Aff: data-cues",Negative
63b3208b1734328e43b42532,"Aff: data-cues,Aff: vis-cues",Neutral
63ea7e60bdd3090eb4b0dcc5,"Aff: vis-cues,Aff: data-cues",Positive
61686f8376bd6ff59ea15479,"Aff: data-cues,Aff: vis-cues",Positive
59ba2a6e6495ef00019fbd70,"Aff: data-cues,Aff: vis-cues",Positive
5e8ccdf9b3423e07b04b4853,"Aff: data-cues,Aff: vis-cues",Neutral
607b58309b190663ca83c23f,"Aff: data-cues,Aff: vis-cues",Positive
62dc2f45630616c5920dcb75,"Aff: vis-cues,Aff: data-cues",Positive
6296bef3248bf76cc113926b,"Aff: data-cues,Aff: vis-cues",Positive
5d4b14caed2dfc0001a22c1a,"Aff: data-cues,Aff: vis-cues",Positive
6293ec5a8c59ee7feb09eab7,"Aff: vis-cues,Aff: data-cues",Positive
5e9f766e2535380e106a8c6b,"Aff: data-cues,Aff: vis-cues",Positive
61036102a3f05e2ef6e4e3c6,"Aff: vis-cues,Aff: data-cues",Positive
5c1baf8fdbc4da0001648218,"Aff: data-cues,Individual Characteristics",Positive
60d23790d4dba01a9b2c0085,"Aff: data-cues,Prior Beliefs",Negative
55cb79e0fdf99b3c26ae4bca,"Aff: data-cues,Prior Beliefs",Negative
62b0d68496379e085ae5d793,Aff: data-benevolence,Negative
62fb85a89ccb1ac663b54783,Aff: data-benevolence,Negative
5d6e502d05e693001ea14a37,Aff: data-benevolence,Negative
61004696895aeda4629ecd6e,Aff: data-benevolence,Neutral
63c4a90d09909e33d5e82f21,Aff: data-benevolence,Negative
5a1fa084063e8600012fa6a3,Aff: data-benevolence,Negative
5dbd1569f8223b28d73ed6ae,Aff: data-benevolence,Negative
5e1b5ab486a44538d261922c,Aff: data-benevolence,Negative
5e6bdd2a3ea572199bb7f6b6,Aff: data-benevolence,Positive
561d98e03d7fe8000b0f5e09,Aff: data-benevolence,Positive
610855877c8363d76b3e6338,Aff: data-benevolence,Negative
628eabb243fb4a73e29d9385,Aff: data-benevolence,Negative
5e2b74daae56b71b9d24d89b,Aff: data-benevolence,Positive
5f741b74992460061db87287,Aff: data-benevolence,Negative
611401411bf1ede5a4d85bdc,Aff: data-benevolence,Positive
63d9c4ea4b5efb771f895e11,Aff: data-benevolence,Negative
63d43839677cd9a315302808,Aff: data-benevolence,Positive
609c6cc79875c8f0ba5d2242,Aff: data-benevolence,Negative
5fbb89e20ddd50a66ab62a67,Aff: data-benevolence,Negative
62f9fbc07e4fc1bfe47070e5,Aff: data-benevolence,Positive
55d8389069dbc30005b67b57,Aff: data-benevolence,Negative
5bf8f34abdd6400001bd5e66,Aff: data-benevolence,Negative
5e8953f2e770eb5f55dfc4c0,Aff: data-benevolence,Positive
60fe250b3984cfdf32c05860,Aff: data-benevolence,Negative
5e4a59b502b78f4a232c0cff,Aff: data-benevolence,Negative
639aa4b8f52bdf60b603c9b1,Aff: data-benevolence,Negative
628796d280ab208970e125df,Aff: data-benevolence,Negative
638d5097d95db2c5c143d5b7,Aff: data-benevolence,Negative
5de96ccf7aeafe09d7e8a74a,Aff: data-benevolence,Positive
579a4c6a82f7f90001ee9d92,Aff: data-benevolence,Negative
5c69f9dd4b5bb30001b3d31c,Aff: data-benevolence,Negative
6277f8b4e9145fb3dd34debd,Aff: data-benevolence,Negative
638e415e46b2a8da60722496,Aff: data-benevolence,Negative
63d7e87ee7333b219a553295,Aff: data-benevolence,Positive
608e2cb9067eb028500433d5,Aff: data-benevolence,Negative
5ee2e7bf21501a83d55642cd,Aff: data-benevolence,Negative
5d4254db5b2c430001418a3c,Aff: data-benevolence,Negative
59f9b3918a2d3d00012c19d9,Aff: data-benevolence,Positive
63ed70c4b62c9946c66b38e9,Aff: data-benevolence,Positive
5642af61942576000566efda,Aff: data-benevolence,Neutral
640264c46bd5d0e0cdeaec5e,Aff: data-benevolence,Negative
60fd8e58bf7248c3312f59c1,Aff: data-benevolence,Positive
6401094035971e9972e06328,Aff: data-benevolence,Negative
6066736bd2119d9d5f7232eb,Aff: data-benevolence,Negative
610323ee2d67fc117e7ef300,Aff: data-benevolence,Negative
5f82567f1e720a3842580d23,Aff: data-benevolence,Negative
605776c7ffd8cb64476fc73f,Aff: data-benevolence,Negative
5e1fc8d45427912f6143b012,Aff: data-benevolence,Positive
5f3f5ad05ec7d1257993b196,Aff: data-benevolence,Negative
5c65b61fad596e000179ece5,Aff: data-benevolence,Negative
5d1b8b02e24a990019f32501,Aff: data-benevolence,Positive
602c4e244525b352fc0779ee,Aff: data-benevolence,Positive
5fc2ab07be970b4cde3ba33d,Aff: data-benevolence,Positive
63f2e107c4d0bc684b99d2c6,Aff: data-benevolence,Neutral
5f4b3cf86618635f0e7d250b,Aff: data-benevolence,Positive
63d17041a37f603dd01616b8,Aff: data-benevolence,Positive
62b9ddea12bb2643ff512fea,Aff: data-benevolence,Negative
5dceb040f2fabc10bd4a10fa,Aff: data-benevolence,Positive
61008174621af4fde89d5c7f,Aff: data-benevolence,Positive
5fff0f626abf51640c57419e,Aff: data-benevolence,Neutral
614efa2878aa3275b54d0bdf,Aff: data-benevolence,Positive
5da4152a3ab39a0011295a3e,"Aff: data-benevolence,Aff: vis-cues",Positive
5daca5b06aa37b00126c8d41,"Aff: vis-benevolence,Aff: data-benevolence",Positive
5e643d29df313c1ced363682,"Aff: data-benevolence,Aff: vis-benevolence,Individual Characteristics",Negative
5fc07d1d954a2251529dcfd6,Aff: vis-cues,Positive
63c3118da7ffa9c9fa88a10e,Aff: vis-cues,Positive
637ee3e42ee7996a07233f21,Aff: vis-cues,Positive
5c961ee66357fb0001ef4b4a,Aff: vis-cues,Positive
5bb10d4288f88d0001f3d151,Aff: vis-cues,Positive
559ecce6fdf99b16653fb880,Aff: vis-cues,Negative
633c2576bb250e8f0da2be0a,Aff: vis-cues,Negative
596bac33670f410001fe9c07,Aff: vis-cues,Positive
614ee5e28a2f0a07d4d639dd,Aff: vis-cues,Positive
5bc8897f462bdb0001a61426,Aff: vis-cues,Positive
62ea3271cc6c19525f896495,Aff: vis-cues,Positive
639241f806b3758a1b3c1de3,Aff: vis-cues,Positive
5b739512924a8800013e84b7,Aff: vis-benevolence,Positive
6266a87a7adacd7a91cabc93,Aff: vis-benevolence,Positive
5c1150e31e7d6900018207ef,Aff: vis-benevolence,Positive
6245c8c532cdc22633ecbf3f,Aff: vis-benevolence,Positive
56494d5b6902220012c4acb7,Aff: vis-benevolence,Negative
63e1b63e2163c30bae297a66,Aff: vis-benevolence,Positive
6412602f8dbfc5b8426867f2,Aff: vis-benevolence,Positive
63127274665ebf35cb1a9571,Aff: vis-benevolence,Positive
640e54837a907926a3ee82aa,Aff: vis-benevolence,Neutral